PIERRE FABRE PHARMA INC;CL004;004;;
PIERRE FABRE MEXICO SA;CL006;006;;
PIERRE FABRE PHARMA MEXICO;CL008;008;300;
PIERRE FABRE PHARMA MEXICO;ML008;008;100 ou 130;Ligne à duppliquer dans PARAMETRES (création)
PFDC USA INC;CL009;009;;
PFDC TCHEQUIE;CL010;010;;
LABORATORIOS PF DO BRASIL;CL013;013;;
PFDC BULGARIE;CL014;014;;
PIERRE FABRE VIETNAM LTD;CL017;017;300;
PIERRE FABRE VIETNAM LTD;ML017;017;100 ou 130;Ligne à duppliquer dans PARAMETRES (création)
Ste de l'imprimerie Artistique;HL020;020;Aucun tiers avec ce code groupe;Code groupe qualiac absent de PARAMETRES : A créer
ART & CARACTERE;PL020;020;Aucun tiers avec ce code groupe;Code groupe qualiac absent de PARAMETRES : A créer
PF A/O RUSSIE;ML021;021;;
ROVAFARM ARGENTINA;CL022;022;300;
ROVAFARM ARGENTINA;ML022;022;100 ou 130;Ligne à duppliquer dans PARAMETRES (création)
Pierre Fabre Iberica;HL024;024;;
PIERRE FABRE ITALIA SPA;CL025;025;;
PIERRE FABRE LTD;ML026;026;;
PIERRE FABRE BENELUX SA;CL027;027;;
PIERRE FABRE SUISSE SA;CL029;029;;
PIERRE FABRE JAPON;CL030;030;;
PF PHARMA AG;ML031;031;;
PFM PORTUGAL LDA;CL032;032;300;
PIERRE FABRE MED PORTUGAL LDA;ML032;032;100 ou 130;Ligne à duppliquer dans PARAMETRES (création)
PFDC PORTUGAL LDA;CL034;034;;
REPREFAR;ML038;038;;
PIERRE FABRE SAINTE BENELUX;CL040;040;300;
PIERRE FABRE BENELUX;ML040;040;100 ou 130;Ligne à duppliquer dans PARAMETRES (création)
TARN MEDIA;PL044;044;;
PIERRE FABRE SRL;CL046;046;300;
PIERRE FABRE PHARMA SRL;ML046;046;100 ou 130;Ligne à duppliquer dans PARAMETRES (création)
PFDC GMBH;CL049;049;;
GENESIS INC;CL052;052;;
PIERRE FABRE HELLAS;CL053;053;;
PFDC HOLDINGS;CL054;054;;
PIERRE FABRE NORDEN AB;ML056;056;;
PIERRE FABRE GMBH;CL058;058;300;
PIERRE FABRE PHARMA GMBH;ML058;058;100 ou 130;Ligne à duppliquer dans PARAMETRES (création)
SEAR MADAGASCAR;ML059;059;;
PIERRE FABRE AUSTRILIA;ML061;061;;
PIERRE FABRE MED TUNISIE;ML063;063;;
PIERRE FABRE SOUTH AFRICA;ML064;064;;
PFDC AUSTRIA GMBH;CL066;066;;
PFDC POLSKA;CL067;067;;
PFM POLOGNE;CL069;069;300;
PIERRE FABRE MED POLOGNE;ML069;069;100 ou 130;Ligne à duppliquer dans PARAMETRES (création)
PIERRE FABRE INC CANADA;CL070;070;;
PFDC ARGENTINE;CL071;071;;
PIERRE FABRE MED BENELUX;ML072;072;;
PIERRE FABRE ILAC;CL077;077;300;
PIERRE FABRE ILAC;ML077;077;100 ou 130;Ligne à duppliquer dans PARAMETRES (création)
PIERRE FABRE MEDICAMENT SRO;ML078;078;;
PFDC JAPON;CL079;079;;
PIERRE FABRE FARMAKA;CL080;080;300;
PIERRE FABRE FARMAKA;ML080;080;100 ou 130;Ligne à duppliquer dans PARAMETRES (création)
PIERRE FABRE MAROC;ML082;082;;
PIERRE FABRE SHANGAI;CL097;097;;
PIERRE FABRE MED SAS;ML100;100;;
PIERRE FABRE MED PROD TUNISIE;ML101;101;;
P.F PHARMA ALGERIE;ML102;102;;
PFM DEVICES;ML135;135;;
ORFAGEN;ML150;150;;
Pierre Fabre S.A.;HL200;200;;
Editions Privat;HL260;260;Aucun tiers avec ce code groupe;Code groupe qualiac absent de PARAMETRES : A créer
EDITIONS PRIVAT;PL260;260;Aucun tiers avec ce code groupe;Code groupe qualiac absent de PARAMETRES : A créer
SIDOBRE RE;PL290;290;;
PFDC SA;CL300;300;;
OOO PFDC;CL301;301;;
PFDC TURKIYE;CL303;303;;
BATIGNOLLES SANTE BEAUTE;CL304;304;;
PRDC KOREA;CL305;305;;
PF MOYEN ORIENT;CL306;306;;
CHILI PFDC;CL308;308;;
PFDC SINGAPOUR;CL309;309;;
PIERRE FABRE E-COM;CL310;310;;
PFDC DANEMARK A/S;CL311;311;;
PFDC HONG KONG;CL312;312;;
PF SHANGAI DC CONSULTING CO;CL313;313;;
MEME COSMETICS;CL314;314;;
INSTITUT DE RECHERCHE PIERRE F;ML500;500;;
PIERRE FABRE BIOMETRIE;ML530;530;;
PIERRE FABRE ORAL CARE INFORMA;ML540;540;;
PIERRE FABRE MED INFORMATION;ML620;620;;
PIERRE FABRE SANTE INFORMATION;ML630;630;;
PIERRE FABRE SANTE;ML640;640;;
PIERRE FABRE MED PRODUCTION;ML700;700;;
SCA DU PRERENARD;ML720;720;;
PIERRE FABRE AGRONOMIE;ML730;730;;
Pierre Fabre Finance;HL810;810;;
CASTRES OLYMPIQUE;PL812;812;;
AWT;PL813;813;;
CGX AERO;PL814;814;;
CGX SYSTEM;PL815;815;;
PF Finances International;HL816;816;;
SCI Albert 1er;HL817;817;;
GFA EN DOYSE;PL818;818;;
SCEA EN GOURAU EN SEGUR;CL819;819;Aucun tiers avec ce code groupe;Code groupe qualiac absent de PARAMETRES : A créer
SCEA EN GOURAU EN SEGUR;PL819;819;Aucun tiers avec ce code groupe;Code groupe qualiac absent de PARAMETRES : A créer
Ste Financière de la Michonne;HL820;820;;
LABORATOIRES KLORANE;CL910;910;;
LABORATOIRE DERMATO DUCRAY;CL920;920;;
LABORATOIRE GALENIC;CL930;930;;
LABORATOIRES DERMATO AVENE;CL940;940;;
RENE FURTERER;CL950;950;;
PIERRE FABRE DERMATOLOGIE;CL960;960;;
LES THERMES D'AVENE;CL970;970;;
L971 FONDATION DERMATITE ATOPI;CL971;971;;
L972 - FONDATION KLORANE;CL972;972;;
SNC LES EAUX D'AVENE;CL975;975;;
SCI de l'Echauguette;HL976;976;;
L977 - MELILOT;CL977;977;;
L978 - KARITE;CL978;978;;
LABORATOIRE DERMATO A-DERMA;CL980;980;;
SNC EAU THERMALE AVENE L'HOTEL;CL990;990;;
MCA Bank;MCA;MCA;;Code groupe qualiac absent de PARAMETRES : A créer
Country Template KW;KW01;W01;;
